[
  {
    "id": 1,
    "course": "PG-DAC",
    "date": "12-12-12",
    "notice": "noticeadded1"
  },
  {
    "id": 2,
    "course": "PG-DAC",
    "date": "12-12-13",
    "notice": "noticeadded2"
  },
  {
    "id": 3,
    "course": "PG-DAC",
    "date": "12-12-14",
    "notice": "noticeadded3"
  },
  {
    "id": 4,
    "course": "PG-DAC",
    "date": "12-12-16",
    "notice": "noticeadded4"
  },
  {
    "id": 5,
    "course": "PG-DAC",
    "date": "12-12-18",
    "notice": "noticeadded5"
  }
]
